submission_date,state,tot_cases,conf_cases,prob_cases,new_case,pnew_case,tot_death,conf_death,prob_death,new_death,pnew_death,created_at,consent_cases,consent_deaths
01/22/2020,FL,0,,,0,,0,,,0,,03/26/2020 04:22:39 PM,Not agree,Not agree
01/23/2020,FL,0,,,0,,0,,,0,,03/26/2020 04:22:39 PM,Not agree,Not agree
01/24/2020,FL,0,,,0,,0,,,0,,03/26/2020 04:22:39 PM,Not agree,Not agree
01/25/2020,FL,0,,,0,,0,,,0,,03/26/2020 04:22:39 PM,Not agree,Not agree
01/26/2020,FL,0,,,0,,0,,,0,,03/26/2020 04:22:39 PM,Not agree,Not agree
01/27/2020,FL,0,,,0,,0,,,0,,03/26/2020 04:22:39 PM,Not agree,Not agree
01/28/2020,FL,0,,,0,,0,,,0,,03/26/2020 04:22:39 PM,Not agree,Not agree
01/29/2020,FL,0,,,0,,0,,,0,,03/26/2020 04:22:39 PM,Not agree,Not agree
01/30/2020,FL,0,,,0,,0,,,0,,03/26/2020 04:22:39 PM,Not agree,Not agree
01/31/2020,FL,0,,,0,,0,,,0,,03/26/2020 04:22:39 PM,Not agree,Not agree
02/01/2020,FL,0,,,0,,0,,,0,,03/26/2020 04:22:39 PM,Not agree,Not agree
02/02/2020,FL,0,,,0,,0,,,0,,03/26/2020 04:22:39 PM,Not agree,Not agree
02/03/2020,FL,0,,,0,,0,,,0,,03/26/2020 04:22:39 PM,Not agree,Not agree
02/04/2020,FL,0,,,0,,0,,,0,,03/26/2020 04:22:39 PM,Not agree,Not agree
02/05/2020,FL,0,,,0,,0,,,0,,03/26/2020 04:22:39 PM,Not agree,Not agree
02/06/2020,FL,0,,,0,,0,,,0,,03/26/2020 04:22:39 PM,Not agree,Not agree
02/07/2020,FL,0,,,0,,0,,,0,,03/26/2020 04:22:39 PM,Not agree,Not agree
02/08/2020,FL,0,,,0,,0,,,0,,03/26/2020 04:22:39 PM,Not agree,Not agree
02/09/2020,FL,0,,,0,,0,,,0,,03/26/2020 04:22:39 PM,Not agree,Not agree
02/10/2020,FL,0,,,0,,0,,,0,,03/26/2020 04:22:39 PM,Not agree,Not agree
02/11/2020,FL,0,,,0,,0,,,0,,03/26/2020 04:22:39 PM,Not agree,Not agree
02/12/2020,FL,0,,,0,,0,,,0,,03/26/2020 04:22:39 PM,Not agree,Not agree
02/13/2020,FL,0,,,0,,0,,,0,,03/26/2020 04:22:39 PM,Not agree,Not agree
02/14/2020,FL,0,,,0,,0,,,0,,03/26/2020 04:22:39 PM,Not agree,Not agree
02/15/2020,FL,0,,,0,,0,,,0,,03/26/2020 04:22:39 PM,Not agree,Not agree
02/16/2020,FL,0,,,0,,0,,,0,,03/26/2020 04:22:39 PM,Not agree,Not agree
02/17/2020,FL,0,,,0,,0,,,0,,03/26/2020 04:22:39 PM,Not agree,Not agree
02/18/2020,FL,0,,,0,,0,,,0,,03/26/2020 04:22:39 PM,Not agree,Not agree
02/19/2020,FL,0,,,0,,0,,,0,,03/26/2020 04:22:39 PM,Not agree,Not agree
02/20/2020,FL,0,,,0,,0,,,0,,03/26/2020 04:22:39 PM,Not agree,Not agree
02/21/2020,FL,0,,,0,,0,,,0,,03/26/2020 04:22:39 PM,Not agree,Not agree
02/22/2020,FL,0,,,0,,0,,,0,,03/26/2020 04:22:39 PM,Not agree,Not agree
02/23/2020,FL,0,,,0,,0,,,0,,03/26/2020 04:22:39 PM,Not agree,Not agree
02/24/2020,FL,0,,,0,,0,,,0,,03/26/2020 04:22:39 PM,Not agree,Not agree
02/25/2020,FL,0,,,0,,0,,,0,,03/26/2020 04:22:39 PM,Not agree,Not agree
02/26/2020,FL,0,,,0,,0,,,0,,03/26/2020 04:22:39 PM,Not agree,Not agree
02/27/2020,FL,0,,,0,,0,,,0,,03/26/2020 04:22:39 PM,Not agree,Not agree
02/28/2020,FL,0,,,0,,0,,,0,,03/26/2020 04:22:39 PM,Not agree,Not agree
02/29/2020,FL,0,,,0,,0,,,0,,03/26/2020 04:22:39 PM,Not agree,Not agree
03/01/2020,FL,0,,,0,0,0,,,0,0,03/01/2020 12:00:00 AM,Not agree,Not agree
03/02/2020,FL,2,,,2,0,0,,,0,0,03/02/2020 12:00:00 AM,Not agree,Not agree
03/03/2020,FL,3,,,1,0,0,,,0,0,03/03/2020 12:00:00 AM,Not agree,Not agree
03/04/2020,FL,7,,,4,0,0,,,0,0,03/04/2020 12:00:00 AM,Not agree,Not agree
03/05/2020,FL,8,,,1,0,1,,,1,0,03/05/2020 12:00:00 AM,Not agree,Not agree
03/06/2020,FL,8,,,0,0,2,,,1,0,03/06/2020 12:00:00 AM,Not agree,Not agree
03/07/2020,FL,12,,,4,0,2,,,0,0,03/07/2020 12:00:00 AM,Not agree,Not agree
03/08/2020,FL,13,,,1,0,2,,,0,0,03/08/2020 12:00:00 AM,Not agree,Not agree
03/09/2020,FL,18,,,5,0,2,,,0,0,03/09/2020 12:00:00 AM,Not agree,Not agree
03/10/2020,FL,20,,,2,0,3,,,1,0,03/10/2020 12:00:00 AM,Not agree,Not agree
03/11/2020,FL,26,,,6,0,3,,,0,0,03/11/2020 12:00:00 AM,Not agree,Not agree
03/12/2020,FL,31,,,5,0,3,,,0,0,03/12/2020 12:00:00 AM,Not agree,Not agree
03/13/2020,FL,51,,,20,0,3,,,0,0,03/13/2020 12:00:00 AM,Not agree,Not agree
03/14/2020,FL,91,,,40,0,5,,,2,0,03/14/2020 12:00:00 AM,Not agree,Not agree
03/15/2020,FL,122,,,31,0,6,,,1,0,03/15/2020 12:00:00 AM,Not agree,Not agree
03/16/2020,FL,149,,,27,0,6,,,0,0,03/16/2020 12:00:00 AM,Not agree,Not agree
03/17/2020,FL,211,,,62,0,9,,,3,0,03/17/2020 12:00:00 AM,Not agree,Not agree
03/18/2020,FL,310,,,99,0,10,,,1,0,03/18/2020 12:00:00 AM,Not agree,Not agree
03/19/2020,FL,386,,,76,0,12,,,2,0,03/19/2020 12:00:00 AM,Not agree,Not agree
03/20/2020,FL,528,,,142,0,14,,,2,0,03/20/2020 12:00:00 AM,Not agree,Not agree
03/21/2020,FL,731,,,203,0,21,,,7,0,03/21/2020 12:00:00 AM,Not agree,Not agree
03/22/2020,FL,1028,,,297,0,24,,,3,0,03/22/2020 12:00:00 AM,Not agree,Not agree
03/23/2020,FL,1205,,,177,0,29,,,5,0,03/23/2020 12:00:00 AM,Not agree,Not agree
03/24/2020,FL,1488,,,283,0,43,,,14,0,03/24/2020 12:00:00 AM,Not agree,Not agree
03/25/2020,FL,1986,,,498,0,63,,,20,0,03/25/2020 12:00:00 AM,Not agree,Not agree
03/26/2020,FL,2521,,,535,0,75,,,12,0,03/26/2020 12:00:00 AM,Not agree,Not agree
03/27/2020,FL,3179,,,658,0,93,,,18,0,03/27/2020 12:00:00 AM,Not agree,Not agree
03/28/2020,FL,3887,,,708,1,105,,,12,0,03/28/2020 12:00:00 AM,Not agree,Not agree
03/29/2020,FL,4762,,,875,0,124,,,19,0,03/29/2020 12:00:00 AM,Not agree,Not agree
03/30/2020,FL,5613,,,851,1,146,,,22,0,03/30/2020 12:00:00 AM,Not agree,Not agree
03/31/2020,FL,6515,,,902,0,177,,,31,0,03/31/2020 12:00:00 AM,Not agree,Not agree
04/01/2020,FL,7546,,,1031,0,208,,,31,0,04/01/2020 12:00:00 AM,Not agree,Not agree
04/02/2020,FL,8814,,,1268,0,244,,,36,0,04/02/2020 12:00:00 AM,Not agree,Not agree
04/03/2020,FL,10094,,,1280,0,275,,,31,1,04/03/2020 12:00:00 AM,Not agree,Not agree
04/04/2020,FL,11243,,,1149,0,309,,,34,0,04/04/2020 12:00:00 AM,Not agree,Not agree
04/05/2020,FL,12008,,,765,0,352,,,43,0,04/05/2020 12:00:00 AM,Not agree,Not agree
04/06/2020,FL,13167,,,1159,0,395,,,43,0,04/06/2020 12:00:00 AM,Not agree,Not agree
04/07/2020,FL,14172,,,1005,0,439,,,44,0,04/07/2020 12:00:00 AM,Not agree,Not agree
04/08/2020,FL,15218,,,1046,0,483,,,44,0,04/08/2020 12:00:00 AM,Not agree,Not agree
04/09/2020,FL,16251,,,1033,0,522,,,39,0,04/09/2020 12:00:00 AM,Not agree,Not agree
04/10/2020,FL,17340,,,1089,0,561,,,39,0,04/10/2020 12:00:00 AM,Not agree,Not agree
04/11/2020,FL,18403,,,1063,0,602,,,41,0,04/11/2020 12:00:00 AM,Not agree,Not agree
04/12/2020,FL,19212,,,809,0,638,,,36,0,04/12/2020 12:00:00 AM,Not agree,Not agree
04/13/2020,FL,20135,,,923,1,682,,,44,0,04/13/2020 12:00:00 AM,Not agree,Not agree
04/14/2020,FL,20727,,,592,0,731,,,49,0,04/14/2020 12:00:00 AM,Not agree,Not agree
04/15/2020,FL,21627,,,900,0,773,,,42,0,04/15/2020 12:00:00 AM,Not agree,Not agree
04/16/2020,FL,22825,,,1198,0,816,,,43,0,04/16/2020 12:00:00 AM,Not agree,Not agree
04/17/2020,FL,23905,,,1080,0,872,,,56,0,04/17/2020 12:00:00 AM,Not agree,Not agree
04/18/2020,FL,24646,,,741,0,910,,,38,0,04/18/2020 12:00:00 AM,Not agree,Not agree
04/19/2020,FL,25357,,,711,0,961,,,51,0,04/19/2020 12:00:00 AM,Not agree,Not agree
04/20/2020,FL,26102,,,745,0,1011,,,50,0,04/20/2020 12:00:00 AM,Not agree,Not agree
04/21/2020,FL,26962,,,860,0,1058,,,47,0,04/21/2020 12:00:00 AM,Not agree,Not agree
04/22/2020,FL,27659,,,697,0,1102,,,44,0,04/22/2020 12:00:00 AM,Not agree,Not agree
04/23/2020,FL,28871,,,1212,0,1154,,,52,0,01/03/2022 03:00:47 PM,Not agree,Not agree
04/24/2020,FL,29605,,,734,0,1193,,,39,0,01/03/2022 03:00:47 PM,Not agree,Not agree
04/25/2020,FL,30399,,,794,0,1234,,,41,0,01/03/2022 03:00:47 PM,Not agree,Not agree
04/26/2020,FL,30918,,,519,0,1284,,,50,0,01/03/2022 03:00:47 PM,Not agree,Not agree
04/27/2020,FL,31665,,,747,1,1327,,,43,0,01/03/2022 03:00:47 PM,Not agree,Not agree
04/28/2020,FL,32008,,,343,0,1381,,,54,0,04/28/2020 12:00:00 AM,Not agree,Not agree
04/29/2020,FL,32522,,,514,0,1427,,,46,0,04/29/2020 12:00:00 AM,Not agree,Not agree
04/30/2020,FL,33498,,,976,0,1478,,,51,0,04/30/2020 12:00:00 AM,Not agree,Not agree
05/01/2020,FL,34201,,,703,0,1529,,,51,0,05/01/2020 12:00:00 AM,Not agree,Not agree
05/02/2020,FL,34832,,,631,0,1559,,,30,0,05/02/2020 12:00:00 AM,Not agree,Not agree
05/03/2020,FL,35598,,,766,0,1600,,,41,0,05/03/2020 12:00:00 AM,Not agree,Not agree
05/04/2020,FL,36171,,,573,0,1663,,,63,0,05/04/2020 12:00:00 AM,Not agree,Not agree
05/05/2020,FL,36755,,,584,0,1702,,,39,0,05/05/2020 12:00:00 AM,Not agree,Not agree
05/06/2020,FL,37383,,,628,1,1751,,,49,0,05/06/2020 12:00:00 AM,Not agree,Not agree
05/07/2020,FL,37726,,,343,0,1794,,,43,0,05/07/2020 12:00:00 AM,Not agree,Not agree
05/08/2020,FL,38497,,,771,0,1828,,,34,0,05/08/2020 12:00:00 AM,Not agree,Not agree
05/09/2020,FL,39177,,,680,0,1860,,,32,0,05/09/2020 12:00:00 AM,Not agree,Not agree
05/10/2020,FL,39560,,,383,0,1898,,,38,0,05/10/2020 12:00:00 AM,Not agree,Not agree
05/11/2020,FL,40166,,,606,0,1944,,,46,0,05/11/2020 12:00:00 AM,Not agree,Not agree
05/12/2020,FL,40965,,,799,0,1987,,,43,0,05/12/2020 12:00:00 AM,Not agree,Not agree
05/13/2020,FL,41755,,,790,0,2026,,,39,0,05/13/2020 12:00:00 AM,Not agree,Not agree
05/14/2020,FL,42539,,,784,0,2070,,,44,0,05/14/2020 12:00:00 AM,Not agree,Not agree
05/15/2020,FL,43018,,,479,0,2104,,,34,0,05/15/2020 12:00:00 AM,Not agree,Not agree
05/16/2020,FL,44154,,,1136,0,2141,,,37,0,05/16/2020 12:00:00 AM,Not agree,Not agree
05/17/2020,FL,44807,,,653,0,2183,,,42,0,05/17/2020 12:00:00 AM,Not agree,Not agree
05/18/2020,FL,45419,,,612,0,2207,,,24,0,05/18/2020 12:00:00 AM,Not agree,Not agree
05/19/2020,FL,45893,,,474,0,2245,,,38,0,05/19/2020 12:00:00 AM,Not agree,Not agree
05/20/2020,FL,47080,,,1187,0,2285,,,40,0,05/20/2020 12:00:00 AM,Not agree,Not agree
05/21/2020,FL,47803,,,723,1,2323,,,38,0,05/21/2020 12:00:00 AM,Not agree,Not agree
05/22/2020,FL,48536,,,733,0,2361,,,38,0,05/22/2020 12:00:00 AM,Not agree,Not agree
05/23/2020,FL,49080,,,544,0,2402,,,41,0,05/23/2020 12:00:00 AM,Not agree,Not agree
05/24/2020,FL,50059,,,979,0,2439,,,37,0,05/24/2020 12:00:00 AM,Not agree,Not agree
05/25/2020,FL,50560,,,501,0,2475,,,36,0,05/25/2020 12:00:00 AM,Not agree,Not agree
05/26/2020,FL,51034,,,474,0,2500,,,25,0,05/26/2020 12:00:00 AM,Not agree,Not agree
05/27/2020,FL,51645,,,611,0,2541,,,41,0,05/27/2020 12:00:00 AM,Not agree,Not agree
05/28/2020,FL,52865,,,1220,0,2581,,,40,0,05/28/2020 12:00:00 AM,Not agree,Not agree
05/29/2020,FL,53616,,,751,0,2610,,,29,0,05/29/2020 12:00:00 AM,Not agree,Not agree
05/30/2020,FL,54486,,,870,0,2647,,,37,0,05/30/2020 12:00:00 AM,Not agree,Not agree
05/31/2020,FL,55185,,,699,0,2682,,,35,0,05/31/2020 12:00:00 AM,Not agree,Not agree
06/01/2020,FL,55787,,,602,0,2716,,,34,0,06/01/2020 12:00:00 AM,Not agree,Not agree
06/02/2020,FL,56996,,,1209,0,2755,,,39,0,06/02/2020 12:00:00 AM,Not agree,Not agree
06/03/2020,FL,58260,,,1264,0,2795,,,40,0,06/03/2020 12:00:00 AM,Not agree,Not agree
06/04/2020,FL,59274,,,1014,2,2820,,,25,0,06/04/2020 12:00:00 AM,Not agree,Not agree
06/05/2020,FL,60516,,,1242,3,2851,,,31,0,06/05/2020 12:00:00 AM,Not agree,Not agree
06/06/2020,FL,61908,,,1392,1,2884,,,33,0,06/06/2020 12:00:00 AM,Not agree,Not agree
06/07/2020,FL,62936,,,1028,0,2914,,,30,0,06/07/2020 12:00:00 AM,Not agree,Not agree
06/08/2020,FL,64088,,,1152,3,2939,,,25,0,06/08/2020 12:00:00 AM,Not agree,Not agree
06/09/2020,FL,65332,,,1244,5,2971,,,32,0,06/09/2020 12:00:00 AM,Not agree,Not agree
06/10/2020,FL,66997,,,1665,18,2999,,,28,0,06/10/2020 12:00:00 AM,Not agree,Not agree
06/11/2020,FL,68629,,,1632,5,3031,,,32,0,06/11/2020 12:00:00 AM,Not agree,Not agree
06/12/2020,FL,71096,,,2467,4,3069,,,38,0,06/12/2020 12:00:00 AM,Not agree,Not agree
06/13/2020,FL,73227,,,2131,1,3095,,,26,0,06/13/2020 12:00:00 AM,Not agree,Not agree
06/14/2020,FL,74982,,,1755,4,3128,,,33,0,06/14/2020 12:00:00 AM,Not agree,Not agree
06/15/2020,FL,77673,,,2691,3,3161,,,33,0,06/15/2020 12:00:00 AM,Not agree,Not agree
06/16/2020,FL,80103,,,2430,7,3207,,,46,0,06/16/2020 12:00:00 AM,Not agree,Not agree
06/17/2020,FL,82793,,,2690,2,3238,,,31,0,06/17/2020 12:00:00 AM,Not agree,Not agree
06/18/2020,FL,86101,,,3308,11,3270,,,32,0,06/18/2020 12:00:00 AM,Not agree,Not agree
06/19/2020,FL,90092,,,3991,3,3296,,,26,0,06/19/2020 12:00:00 AM,Not agree,Not agree
06/20/2020,FL,94699,,,4607,2,3337,,,41,0,06/20/2020 12:00:00 AM,Not agree,Not agree
06/21/2020,FL,97443,,,2744,1,3374,,,37,0,06/21/2020 12:00:00 AM,Not agree,Not agree
06/22/2020,FL,101235,,,3792,6,3430,,,56,0,06/22/2020 12:00:00 AM,Not agree,Not agree
06/23/2020,FL,106688,,,5453,36,3488,,,58,0,06/23/2020 12:00:00 AM,Not agree,Not agree
06/24/2020,FL,111670,,,4982,45,3529,,,41,0,06/24/2020 12:00:00 AM,Not agree,Not agree
06/25/2020,FL,120464,,,8794,67,3581,,,52,0,06/25/2020 12:00:00 AM,Not agree,Not agree
06/26/2020,FL,129969,,,9505,26,3628,,,47,0,06/26/2020 12:00:00 AM,Not agree,Not agree
06/27/2020,FL,138297,,,8328,24,3681,,,53,0,06/27/2020 12:00:00 AM,Not agree,Not agree
06/28/2020,FL,143646,,,5349,6,3735,,,54,0,06/28/2020 12:00:00 AM,Not agree,Not agree
06/29/2020,FL,149657,,,6011,55,3787,,,52,1,06/29/2020 12:00:00 AM,Not agree,Not agree
06/30/2020,FL,156175,,,6518,58,3840,,,53,0,06/30/2020 12:00:00 AM,Not agree,Not agree
07/01/2020,FL,165596,,,9421,42,3914,,,74,1,07/01/2020 12:00:00 AM,Not agree,Not agree
07/02/2020,FL,174891,,,9295,78,3993,,,79,1,07/02/2020 12:00:00 AM,Not agree,Not agree
07/03/2020,FL,186178,,,11287,46,4069,,,76,0,07/03/2020 12:00:00 AM,Not agree,Not agree
07/04/2020,FL,196001,,,9823,12,4157,,,88,1,07/04/2020 12:00:00 AM,Not agree,Not agree
07/05/2020,FL,202215,,,6214,12,4236,,,79,0,07/05/2020 12:00:00 AM,Not agree,Not agree
07/06/2020,FL,209490,,,7275,83,4344,,,108,1,07/06/2020 12:00:00 AM,Not agree,Not agree
07/07/2020,FL,219414,,,9924,96,4449,,,105,0,07/07/2020 12:00:00 AM,Not agree,Not agree
07/08/2020,FL,228273,,,8859,97,4585,,,136,0,07/08/2020 12:00:00 AM,Not agree,Not agree
07/09/2020,FL,239500,,,11227,48,4718,,,133,0,07/09/2020 12:00:00 AM,Not agree,Not agree
07/10/2020,FL,249718,,,10218,47,4841,,,123,0,07/10/2020 12:00:00 AM,Not agree,Not agree
07/11/2020,FL,264826,,,15108,45,4987,,,146,0,07/11/2020 12:00:00 AM,Not agree,Not agree
07/12/2020,FL,276974,,,12148,43,5143,,,156,0,07/12/2020 12:00:00 AM,Not agree,Not agree
07/13/2020,FL,286126,,,9152,84,5318,,,175,1,07/13/2020 12:00:00 AM,Not agree,Not agree
07/14/2020,FL,296091,,,9965,58,5480,,,162,0,07/14/2020 12:00:00 AM,Not agree,Not agree
07/15/2020,FL,309812,,,13721,115,5657,,,177,5,07/15/2020 12:00:00 AM,Not agree,Not agree
07/16/2020,FL,320977,,,11165,100,5857,,,200,1,07/16/2020 12:00:00 AM,Not agree,Not agree
07/17/2020,FL,331114,,,10137,113,6052,,,195,1,07/17/2020 12:00:00 AM,Not agree,Not agree
07/18/2020,FL,343466,,,12352,109,6234,,,182,2,07/18/2020 12:00:00 AM,Not agree,Not agree
07/19/2020,FL,353823,,,10357,46,6438,,,204,1,07/19/2020 12:00:00 AM,Not agree,Not agree
07/20/2020,FL,363043,,,9220,83,6643,,,205,2,07/20/2020 12:00:00 AM,Not agree,Not agree
07/21/2020,FL,372680,,,9637,53,6860,,,217,2,07/21/2020 12:00:00 AM,Not agree,Not agree
07/22/2020,FL,382736,,,10056,118,7062,,,202,2,07/22/2020 12:00:00 AM,Not agree,Not agree
07/23/2020,FL,394998,,,12262,116,7290,,,228,4,07/23/2020 12:00:00 AM,Not agree,Not agree
07/24/2020,FL,406969,,,11971,76,7519,,,229,3,07/24/2020 12:00:00 AM,Not agree,Not agree
07/25/2020,FL,416182,,,9213,62,7741,,,222,1,07/25/2020 12:00:00 AM,Not agree,Not agree
07/26/2020,FL,424951,,,8769,78,7956,,,215,5,07/26/2020 12:00:00 AM,Not agree,Not agree
07/27/2020,FL,434050,,,9099,175,8162,,,206,2,07/27/2020 12:00:00 AM,Not agree,Not agree
07/28/2020,FL,443336,,,9286,200,8388,,,226,6,07/28/2020 12:00:00 AM,Not agree,Not agree
07/29/2020,FL,453131,,,9795,226,8608,,,220,2,07/29/2020 12:00:00 AM,Not agree,Not agree
07/30/2020,FL,461991,,,8860,262,8843,,,235,4,07/30/2020 12:00:00 AM,Not agree,Not agree
07/31/2020,FL,471434,,,9443,98,9079,,,236,4,07/31/2020 12:00:00 AM,Not agree,Not agree
08/01/2020,FL,478460,,,7026,24,9305,,,226,3,08/01/2020 12:00:00 AM,Not agree,Not agree
08/02/2020,FL,483253,,,4793,39,9505,,,200,7,08/02/2020 12:00:00 AM,Not agree,Not agree
08/03/2020,FL,488589,,,5336,127,9726,,,221,6,08/03/2020 12:00:00 AM,Not agree,Not agree
08/04/2020,FL,493994,,,5405,205,9968,,,242,6,08/04/2020 12:00:00 AM,Not agree,Not agree
08/05/2020,FL,501541,,,7547,199,10202,,,234,5,08/05/2020 12:00:00 AM,Not agree,Not agree
08/06/2020,FL,509048,,,7507,276,10418,,,216,5,08/06/2020 12:00:00 AM,Not agree,Not agree
08/07/2020,FL,517348,,,8300,156,10629,,,211,4,08/07/2020 12:00:00 AM,Not agree,Not agree
08/08/2020,FL,523450,,,6102,85,10791,,,162,5,08/08/2020 12:00:00 AM,Not agree,Not agree
08/09/2020,FL,527584,,,4134,69,10968,,,177,2,08/09/2020 12:00:00 AM,Not agree,Not agree
08/10/2020,FL,533326,,,5742,134,11152,,,184,2,08/10/2020 12:00:00 AM,Not agree,Not agree
08/11/2020,FL,541366,,,8040,164,11343,,,191,2,08/11/2020 12:00:00 AM,Not agree,Not agree
08/12/2020,FL,547562,,,6196,162,11529,,,186,5,08/12/2020 12:00:00 AM,Not agree,Not agree
08/13/2020,FL,553637,,,6075,149,11709,,,180,3,08/13/2020 12:00:00 AM,Not agree,Not agree
08/14/2020,FL,559878,,,6241,111,11876,,,167,5,08/14/2020 12:00:00 AM,Not agree,Not agree
08/15/2020,FL,563669,,,3791,29,12061,,,185,3,08/15/2020 12:00:00 AM,Not agree,Not agree
08/16/2020,FL,566337,,,2668,30,12196,,,135,5,08/16/2020 12:00:00 AM,Not agree,Not agree
08/17/2020,FL,570185,,,3848,149,12352,,,156,2,08/17/2020 12:00:00 AM,Not agree,Not agree
08/18/2020,FL,574289,,,4104,146,12515,,,163,3,08/18/2020 12:00:00 AM,Not agree,Not agree
08/19/2020,FL,578809,,,4520,252,12689,,,174,5,08/19/2020 12:00:00 AM,Not agree,Not agree
08/20/2020,FL,583424,,,4615,313,12852,,,163,1,08/20/2020 12:00:00 AM,Not agree,Not agree
08/21/2020,FL,587713,,,4289,232,13018,,,166,2,08/21/2020 12:00:00 AM,Not agree,Not agree
08/22/2020,FL,590700,,,2987,115,13156,,,138,4,08/22/2020 12:00:00 AM,Not agree,Not agree
08/23/2020,FL,592744,,,2044,77,13282,,,126,1,08/23/2020 12:00:00 AM,Not agree,Not agree
08/24/2020,FL,595469,,,2725,226,13399,,,117,5,08/24/2020 12:00:00 AM,Not agree,Not agree
08/25/2020,FL,598721,,,3252,269,13531,,,132,5,08/25/2020 12:00:00 AM,Not agree,Not agree
08/26/2020,FL,601883,,,3162,291,13681,,,150,3,08/26/2020 12:00:00 AM,Not agree,Not agree
08/27/2020,FL,605467,,,3584,266,13791,,,110,2,08/27/2020 12:00:00 AM,Not agree,Not agree
08/28/2020,FL,608579,,,3112,227,13930,,,139,7,08/28/2020 12:00:00 AM,Not agree,Not agree
08/29/2020,FL,611179,,,2600,104,14050,,,120,0,08/29/2020 12:00:00 AM,Not agree,Not agree
08/30/2020,FL,612858,,,1679,95,14151,,,101,2,08/30/2020 12:00:00 AM,Not agree,Not agree
08/31/2020,FL,620222,,,7364,350,14265,,,114,2,08/31/2020 12:00:00 AM,Not agree,Not agree
09/01/2020,FL,622717,,,2495,314,14369,,,104,3,09/01/2020 12:00:00 AM,Not agree,Not agree
09/02/2020,FL,626289,,,3572,371,14475,,,106,5,09/02/2020 12:00:00 AM,Not agree,Not agree
09/03/2020,FL,629483,,,3194,297,14566,,,91,2,09/03/2020 12:00:00 AM,Not agree,Not agree
09/04/2020,FL,633135,,,3652,343,14673,,,107,3,09/04/2020 12:00:00 AM,Not agree,Not agree
09/05/2020,FL,635597,,,2462,144,14772,,,99,3,09/05/2020 12:00:00 AM,Not agree,Not agree
09/06/2020,FL,637459,,,1862,66,14881,,,109,7,09/06/2020 12:00:00 AM,Not agree,Not agree
09/07/2020,FL,639257,,,1798,112,14971,,,90,3,09/07/2020 12:00:00 AM,Not agree,Not agree
09/08/2020,FL,641577,,,2320,366,15051,,,80,0,09/08/2020 12:00:00 AM,Not agree,Not agree
09/09/2020,FL,644109,,,2532,408,15150,,,99,3,09/09/2020 12:00:00 AM,Not agree,Not agree
09/10/2020,FL,647746,,,3637,362,15230,,,80,6,09/10/2020 12:00:00 AM,Not agree,Not agree
09/11/2020,FL,650897,,,3151,353,15313,,,83,2,09/11/2020 12:00:00 AM,Not agree,Not agree
09/12/2020,FL,653265,,,2368,92,15370,,,57,1,09/12/2020 12:00:00 AM,Not agree,Not agree
09/13/2020,FL,655034,,,1769,63,15443,,,73,3,09/13/2020 12:00:00 AM,Not agree,Not agree
09/14/2020,FL,657677,,,2643,272,15515,,,72,2,09/14/2020 12:00:00 AM,Not agree,Not agree
09/15/2020,FL,659974,,,2297,332,15596,,,81,2,09/15/2020 12:00:00 AM,Not agree,Not agree
09/16/2020,FL,663233,,,3259,326,15665,,,69,1,09/16/2020 12:00:00 AM,Not agree,Not agree
09/17/2020,FL,666416,,,3183,288,15728,,,63,2,09/17/2020 12:00:00 AM,Not agree,Not agree
09/18/2020,FL,669959,,,3543,331,15791,,,63,3,09/18/2020 12:00:00 AM,Not agree,Not agree
09/19/2020,FL,672450,,,2491,166,15860,,,69,2,09/19/2020 12:00:00 AM,Not agree,Not agree
09/20/2020,FL,674095,,,1645,54,15924,,,64,1,09/20/2020 12:00:00 AM,Not agree,Not agree
09/21/2020,FL,676478,,,2383,340,15998,,,74,4,09/21/2020 12:00:00 AM,Not agree,Not agree
09/22/2020,FL,679058,,,2580,423,16071,,,73,1,09/22/2020 12:00:00 AM,Not agree,Not agree
09/23/2020,FL,681648,,,2590,324,16143,,,72,4,09/23/2020 12:00:00 AM,Not agree,Not agree
09/24/2020,FL,684448,,,2800,299,16202,,,59,0,09/24/2020 12:00:00 AM,Not agree,Not agree
09/25/2020,FL,687216,,,2768,300,16274,,,72,2,09/25/2020 12:00:00 AM,Not agree,Not agree
09/26/2020,FL,689048,,,1832,115,16337,,,63,4,09/26/2020 12:00:00 AM,Not agree,Not agree
09/27/2020,FL,689856,,,808,67,16392,,,55,1,09/27/2020 12:00:00 AM,Not agree,Not agree
09/28/2020,FL,693043,,,3187,385,16440,,,48,1,09/28/2020 12:00:00 AM,Not agree,Not agree
09/29/2020,FL,695092,,,2049,291,16491,,,51,1,09/29/2020 12:00:00 AM,Not agree,Not agree
09/30/2020,FL,697887,,,2795,448,16536,,,45,3,09/30/2020 12:00:00 AM,Not agree,Not agree
10/01/2020,FL,700536,,,2649,357,16588,,,52,1,10/01/2020 12:00:00 AM,Not agree,Not agree
10/02/2020,FL,703294,,,2758,389,16654,,,66,2,10/02/2020 12:00:00 AM,Not agree,Not agree
10/03/2020,FL,705149,,,1855,219,16697,,,43,1,10/03/2020 12:00:00 AM,Not agree,Not agree
10/04/2020,FL,706523,,,1374,77,16748,,,51,2,10/04/2020 12:00:00 AM,Not agree,Not agree
10/05/2020,FL,708789,,,2266,420,16790,,,42,2,10/05/2020 12:00:00 AM,Not agree,Not agree
10/06/2020,FL,711280,,,2491,410,16851,,,61,3,10/06/2020 12:00:00 AM,Not agree,Not agree
10/07/2020,FL,714538,,,3258,381,16926,,,75,2,10/07/2020 12:00:00 AM,Not agree,Not agree
10/08/2020,FL,717395,,,2857,332,16974,,,48,1,10/08/2020 12:00:00 AM,Not agree,Not agree
10/09/2020,FL,719167,,,1772,369,17018,,,44,1,10/09/2020 12:00:00 AM,Not agree,Not agree
10/10/2020,FL,722786,,,3619,271,17072,,,54,5,10/10/2020 12:00:00 AM,Not agree,Not agree
10/11/2020,FL,724339,,,1553,149,17132,,,60,2,10/11/2020 12:00:00 AM,Not agree,Not agree
10/12/2020,FL,727017,,,2678,407,17177,,,45,0,10/12/2020 12:00:00 AM,Not agree,Not agree
10/13/2020,FL,729850,,,2833,529,17219,,,42,3,10/13/2020 12:00:00 AM,Not agree,Not agree
10/14/2020,FL,733130,,,3280,540,17270,,,51,1,10/14/2020 12:00:00 AM,Not agree,Not agree
10/15/2020,FL,736501,,,3371,570,17316,,,46,5,10/15/2020 12:00:00 AM,Not agree,Not agree
10/16/2020,FL,740475,,,3974,468,17373,,,57,4,10/16/2020 12:00:00 AM,Not agree,Not agree
10/17/2020,FL,742935,,,2460,244,17439,,,66,1,10/17/2020 12:00:00 AM,Not agree,Not agree
10/18/2020,FL,744676,,,1741,198,17499,,,60,4,10/18/2020 12:00:00 AM,Not agree,Not agree
10/19/2020,FL,748257,,,3581,566,17542,,,43,2,10/19/2020 12:00:00 AM,Not agree,Not agree
10/20/2020,FL,750389,,,2132,576,17592,,,50,2,10/20/2020 12:00:00 AM,Not agree,Not agree
10/21/2020,FL,755816,,,5427,917,17639,,,47,8,10/21/2020 12:00:00 AM,Not agree,Not agree
10/22/2020,FL,759508,,,3692,749,17680,,,41,1,10/22/2020 12:00:00 AM,Not agree,Not agree
10/23/2020,FL,763890,,,4382,786,17733,,,53,1,10/23/2020 12:00:00 AM,Not agree,Not agree
10/24/2020,FL,766224,,,2334,316,17771,,,38,1,10/24/2020 12:00:00 AM,Not agree,Not agree
10/25/2020,FL,769542,,,3318,503,17822,,,51,2,10/25/2020 12:00:00 AM,Not agree,Not agree
10/26/2020,FL,773796,,,4254,890,17865,,,43,1,10/26/2020 12:00:00 AM,Not agree,Not agree
10/27/2020,FL,777833,,,4037,1028,17909,,,44,3,10/27/2020 12:00:00 AM,Not agree,Not agree
10/28/2020,FL,781980,,,4147,1011,17947,,,38,1,10/28/2020 12:00:00 AM,Not agree,Not agree
10/29/2020,FL,787380,,,5400,1104,18002,,,55,4,10/29/2020 12:00:00 AM,Not agree,Not agree
10/30/2020,FL,789874,,,2494,658,18053,,,51,0,10/30/2020 12:00:00 AM,Not agree,Not agree
10/31/2020,FL,796344,,,6470,1247,18109,,,56,4,10/31/2020 12:00:00 AM,Not agree,Not agree
11/01/2020,FL,799006,,,2662,541,18148,,,39,1,11/01/2020 12:00:00 AM,Not agree,Not agree
11/02/2020,FL,803562,,,4556,1090,18195,,,47,3,11/02/2020 12:00:00 AM,Not agree,Not agree
11/03/2020,FL,807918,,,4356,918,18235,,,40,2,11/03/2020 12:00:00 AM,Not agree,Not agree
11/04/2020,FL,814033,,,6115,1391,18292,,,57,3,11/04/2020 12:00:00 AM,Not agree,Not agree
11/05/2020,FL,819202,,,5169,1215,18341,,,49,5,11/05/2020 12:00:00 AM,Not agree,Not agree
11/06/2020,FL,823546,,,4344,942,18389,,,48,2,11/06/2020 12:00:00 AM,Not agree,Not agree
11/07/2020,FL,830140,,,6594,1236,18448,,,59,6,11/07/2020 12:00:00 AM,Not agree,Not agree
11/08/2020,FL,833954,,,3814,568,18493,,,45,4,11/08/2020 12:00:00 AM,Not agree,Not agree
11/09/2020,FL,838220,,,4266,1002,18538,,,45,5,11/09/2020 12:00:00 AM,Not agree,Not agree
11/10/2020,FL,843903,,,5683,1602,18607,,,69,5,11/10/2020 12:00:00 AM,Not agree,Not agree
11/11/2020,FL,849370,,,5467,1073,18669,,,62,4,11/11/2020 12:00:00 AM,Not agree,Not agree
11/12/2020,FL,856105,,,6735,1524,18725,,,56,5,11/12/2020 12:00:00 AM,Not agree,Not agree
11/13/2020,FL,860517,,,4412,1244,18805,,,80,9,11/13/2020 12:00:00 AM,Not agree,Not agree
11/14/2020,FL,870411,,,9894,2712,18878,,,73,4,11/14/2020 12:00:00 AM,Not agree,Not agree
11/15/2020,FL,874922,,,4511,761,18939,,,61,5,11/15/2020 12:00:00 AM,Not agree,Not agree
11/16/2020,FL,882230,,,7308,1809,18998,,,59,5,11/16/2020 12:00:00 AM,Not agree,Not agree
11/17/2020,FL,889970,,,7740,1930,19062,,,64,2,11/17/2020 12:00:00 AM,Not agree,Not agree
11/18/2020,FL,898916,,,8946,2201,19124,,,62,1,11/18/2020 12:00:00 AM,Not agree,Not agree
11/19/2020,FL,907759,,,8843,1963,19190,,,66,2,11/19/2020 12:00:00 AM,Not agree,Not agree
11/20/2020,FL,915926,,,8167,1781,19268,,,78,4,11/20/2020 12:00:00 AM,Not agree,Not agree
11/21/2020,FL,922395,,,6469,1361,19334,,,66,6,11/21/2020 12:00:00 AM,Not agree,Not agree
11/22/2020,FL,928490,,,6095,1503,19397,,,63,7,11/22/2020 12:00:00 AM,Not agree,Not agree
11/23/2020,FL,936591,,,8101,2502,19476,,,79,5,11/23/2020 12:00:00 AM,Not agree,Not agree
11/24/2020,FL,944679,,,8088,2273,19551,,,75,6,11/24/2020 12:00:00 AM,Not agree,Not agree
11/25/2020,FL,954795,,,10116,2986,19629,,,78,6,11/25/2020 12:00:00 AM,Not agree,Not agree
11/26/2020,FL,961384,,,6589,1374,19696,,,67,2,11/26/2020 12:00:00 AM,Not agree,Not agree
11/27/2020,FL,967510,,,6126,958,19797,,,101,3,11/27/2020 12:00:00 AM,Not agree,Not agree
11/28/2020,FL,974671,,,7161,2092,19896,,,99,7,11/28/2020 12:00:00 AM,Not agree,Not agree
11/29/2020,FL,981138,,,6467,1553,19987,,,91,8,11/29/2020 12:00:00 AM,Not agree,Not agree
11/30/2020,FL,989801,,,8663,2892,20064,,,77,4,11/30/2020 12:00:00 AM,Not agree,Not agree
12/01/2020,FL,999694,,,9893,2917,20148,,,84,2,12/01/2020 12:00:00 AM,Not agree,Not agree
12/02/2020,FL,1010331,,,10637,2894,20244,,,96,8,12/02/2020 12:00:00 AM,Not agree,Not agree
12/03/2020,FL,1020273,,,9942,2382,20337,,,93,8,12/03/2020 12:00:00 AM,Not agree,Not agree
12/04/2020,FL,1030438,,,10165,2352,20433,,,96,7,12/04/2020 12:00:00 AM,Not agree,Not agree
12/05/2020,FL,1038631,,,8193,1975,20546,,,113,5,12/05/2020 12:00:00 AM,Not agree,Not agree
12/06/2020,FL,1046154,,,7523,1758,20631,,,85,6,12/06/2020 12:00:00 AM,Not agree,Not agree
12/07/2020,FL,1053987,,,7833,2774,20731,,,100,5,12/07/2020 12:00:00 AM,Not agree,Not agree
12/08/2020,FL,1063336,,,9349,2799,20826,,,95,5,12/08/2020 12:00:00 AM,Not agree,Not agree
12/09/2020,FL,1074563,,,11227,3346,20929,,,103,11,12/09/2020 12:00:00 AM,Not agree,Not agree
12/10/2020,FL,1085942,,,11379,3252,21023,,,94,7,12/10/2020 12:00:00 AM,Not agree,Not agree
12/11/2020,FL,1096336,,,10394,2879,21121,,,98,9,12/11/2020 12:00:00 AM,Not agree,Not agree
12/12/2020,FL,1105179,,,8843,2452,21213,,,92,5,12/12/2020 12:00:00 AM,Not agree,Not agree
12/13/2020,FL,1113456,,,8277,2350,21308,,,95,11,12/13/2020 12:00:00 AM,Not agree,Not agree
12/14/2020,FL,1122855,,,9399,3089,21410,,,102,7,12/14/2020 12:00:00 AM,Not agree,Not agree
12/15/2020,FL,1134177,,,11322,3906,21525,,,115,17,12/15/2020 12:00:00 AM,Not agree,Not agree
12/16/2020,FL,1147030,,,12853,3384,21631,,,106,7,12/16/2020 12:00:00 AM,Not agree,Not agree
12/17/2020,FL,1159950,,,12920,3736,21746,,,115,13,12/17/2020 12:00:00 AM,Not agree,Not agree
12/18/2020,FL,1171340,,,11390,3471,21861,,,115,8,12/18/2020 12:00:00 AM,Not agree,Not agree
12/19/2020,FL,1179496,,,8156,2554,21953,,,92,6,12/19/2020 12:00:00 AM,Not agree,Not agree
12/20/2020,FL,1190192,,,10696,2344,22084,,,131,14,12/20/2020 12:00:00 AM,Not agree,Not agree
12/21/2020,FL,1200384,,,10192,3175,22211,,,127,10,12/21/2020 12:00:00 AM,Not agree,Not agree
12/22/2020,FL,1211501,,,11117,3828,22338,,,127,9,12/22/2020 12:00:00 AM,Not agree,Not agree
12/23/2020,FL,1224320,,,12819,3886,22448,,,110,13,12/23/2020 12:00:00 AM,Not agree,Not agree
12/24/2020,FL,1234933,,,10613,2461,22561,,,113,12,12/24/2020 12:00:00 AM,Not agree,Not agree
12/25/2020,FL,1240849,,,5916,539,22674,,,113,15,12/25/2020 12:00:00 AM,Not agree,Not agree
12/26/2020,FL,1247890,,,7041,1685,22807,,,133,5,12/26/2020 12:00:00 AM,Not agree,Not agree
12/27/2020,FL,1255898,,,8008,2457,22933,,,126,15,12/27/2020 12:00:00 AM,Not agree,Not agree
12/28/2020,FL,1267784,,,11886,5101,23084,,,151,6,12/28/2020 12:00:00 AM,Not agree,Not agree
12/29/2020,FL,1281210,,,13426,4949,23225,,,141,13,12/29/2020 12:00:00 AM,Not agree,Not agree
12/30/2020,FL,1297720,,,16510,5298,23387,,,162,11,12/30/2020 12:00:00 AM,Not agree,Not agree
12/31/2020,FL,1318668,,,20948,5294,23553,,,166,14,12/31/2020 12:00:00 AM,Not agree,Not agree
01/01/2021,FL,1328326,,,9658,1682,23712,,,159,12,01/01/2021 12:00:00 AM,Not agree,Not agree
01/02/2021,FL,1338754,,,10428,3477,23860,,,148,14,01/02/2021 12:00:00 AM,Not agree,Not agree
01/03/2021,FL,1349961,,,11207,3289,24025,,,165,21,01/03/2021 12:00:00 AM,Not agree,Not agree
01/04/2021,FL,1365131,,,15170,5825,24187,,,162,12,01/04/2021 12:00:00 AM,Not agree,Not agree
01/05/2021,FL,1382504,,,17373,6064,24357,,,170,15,01/05/2021 12:00:00 AM,Not agree,Not agree
01/06/2021,FL,1401883,,,19379,5615,24540,,,183,17,01/06/2021 12:00:00 AM,Not agree,Not agree
01/07/2021,FL,1420932,,,19049,4969,24687,,,147,10,01/07/2021 12:00:00 AM,Not agree,Not agree
01/08/2021,FL,1435940,,,15008,4599,24850,,,163,12,01/08/2021 12:00:00 AM,Not agree,Not agree
01/09/2021,FL,1448175,,,12235,3066,25023,,,173,8,01/09/2021 12:00:00 AM,Not agree,Not agree
01/10/2021,FL,1459744,,,11569,3005,25195,,,172,15,01/10/2021 12:00:00 AM,Not agree,Not agree
01/11/2021,FL,1474293,,,14549,4488,25382,,,187,15,01/11/2021 12:00:00 AM,Not agree,Not agree
01/12/2021,FL,1487943,,,13650,4440,25584,,,202,22,01/12/2021 12:00:00 AM,Not agree,Not agree
01/13/2021,FL,1501314,,,13371,4039,25795,,,211,22,01/13/2021 12:00:00 AM,Not agree,Not agree
01/14/2021,FL,1517800,,,16486,4575,26007,,,212,26,01/14/2021 12:00:00 AM,Not agree,Not agree
01/15/2021,FL,1529683,,,11883,2580,26217,,,210,19,01/15/2021 12:00:00 AM,Not agree,Not agree
01/16/2021,FL,1540465,,,10782,2921,26396,,,179,23,01/16/2021 12:00:00 AM,Not agree,Not agree
01/17/2021,FL,1548280,,,7815,1295,26574,,,178,13,01/17/2021 12:00:00 AM,Not agree,Not agree
01/18/2021,FL,1557850,,,9570,3220,26785,,,211,28,01/18/2021 12:00:00 AM,Not agree,Not agree
01/19/2021,FL,1569400,,,11550,3842,26969,,,184,14,01/19/2021 12:00:00 AM,Not agree,Not agree
01/20/2021,FL,1582038,,,12638,3971,27151,,,182,16,01/20/2021 12:00:00 AM,Not agree,Not agree
01/21/2021,FL,1595448,,,13410,3943,27331,,,180,16,01/21/2021 12:00:00 AM,Not agree,Not agree
01/22/2021,FL,1607497,,,12049,3972,27548,,,217,23,01/22/2021 12:00:00 AM,Not agree,Not agree
01/23/2021,FL,1616876,,,9379,1955,27713,,,165,9,01/23/2021 12:00:00 AM,Not agree,Not agree
01/24/2021,FL,1625416,,,8540,2126,27883,,,170,13,01/24/2021 12:00:00 AM,Not agree,Not agree
01/25/2021,FL,1634806,,,9390,2706,28046,,,163,10,01/25/2021 12:00:00 AM,Not agree,Not agree
01/26/2021,FL,1643021,,,8215,2777,28232,,,186,21,01/26/2021 12:00:00 AM,Not agree,Not agree
01/27/2021,FL,1654283,,,11262,3164,28409,,,177,12,01/27/2021 12:00:00 AM,Not agree,Not agree
01/28/2021,FL,1665103,,,10820,3648,28571,,,162,9,01/28/2021 12:00:00 AM,Not agree,Not agree
01/29/2021,FL,1679765,,,14662,4315,28717,,,146,12,01/29/2021 12:00:00 AM,Not agree,Not agree
01/30/2021,FL,1687402,,,7637,2169,28866,,,149,13,01/30/2021 12:00:00 AM,Not agree,Not agree
01/31/2021,FL,1692987,,,5585,1634,29029,,,163,7,01/31/2021 12:00:00 AM,Not agree,Not agree
02/01/2021,FL,1703254,,,10267,3478,29184,,,155,12,02/01/2021 12:00:00 AM,Not agree,Not agree
02/02/2021,FL,1709996,,,6742,2225,29331,,,147,9,02/02/2021 12:00:00 AM,Not agree,Not agree
02/03/2021,FL,1717480,,,7484,2164,29508,,,177,14,02/03/2021 12:00:00 AM,Not agree,Not agree
02/04/2021,FL,1727978,,,10498,2636,29687,,,179,14,02/04/2021 12:00:00 AM,Not agree,Not agree
02/05/2021,FL,1735308,,,7330,2080,29845,,,158,5,02/05/2021 12:00:00 AM,Not agree,Not agree
02/06/2021,FL,1741921,,,6613,1986,30002,,,157,13,02/06/2021 12:00:00 AM,Not agree,Not agree
02/07/2021,FL,1747429,,,5508,1604,30148,,,146,13,02/07/2021 12:00:00 AM,Not agree,Not agree
02/08/2021,FL,1754424,,,6995,2470,30264,,,116,7,02/08/2021 12:00:00 AM,Not agree,Not agree
02/09/2021,FL,1761825,,,7401,2841,30432,,,168,8,02/09/2021 12:00:00 AM,Not agree,Not agree
02/10/2021,FL,1770070,,,8245,2531,30567,,,135,12,02/10/2021 12:00:00 AM,Not agree,Not agree
02/11/2021,FL,1777498,,,7428,2199,30705,,,138,9,02/11/2021 12:00:00 AM,Not agree,Not agree
02/12/2021,FL,1784588,,,7090,2077,30840,,,135,12,02/12/2021 12:00:00 AM,Not agree,Not agree
02/13/2021,FL,1790259,,,5671,1385,30968,,,128,10,02/13/2021 12:00:00 AM,Not agree,Not agree
02/14/2021,FL,1794005,,,3746,724,31083,,,115,7,02/14/2021 12:00:00 AM,Not agree,Not agree
02/15/2021,FL,1800657,,,6652,2376,31196,,,113,11,02/15/2021 12:00:00 AM,Not agree,Not agree
02/16/2021,FL,1807834,,,7177,2745,31322,,,126,4,02/16/2021 12:00:00 AM,Not agree,Not agree
02/17/2021,FL,1812853,,,5019,1413,31432,,,110,8,02/17/2021 12:00:00 AM,Not agree,Not agree
02/18/2021,FL,1819441,,,6588,1776,31542,,,110,6,02/18/2021 12:00:00 AM,Not agree,Not agree
02/19/2021,FL,1826506,,,7065,2170,31650,,,108,8,02/19/2021 12:00:00 AM,Not agree,Not agree
02/20/2021,FL,1831404,,,4898,1218,31747,,,97,5,02/20/2021 12:00:00 AM,Not agree,Not agree
02/21/2021,FL,1835481,,,4077,1069,31853,,,106,6,02/21/2021 12:00:00 AM,Not agree,Not agree
02/22/2021,FL,1841022,,,5541,1748,31963,,,110,9,02/22/2021 12:00:00 AM,Not agree,Not agree
02/23/2021,FL,1848049,,,7027,2495,32061,,,98,5,02/23/2021 12:00:00 AM,Not agree,Not agree
02/24/2021,FL,1854553,,,6504,1800,32145,,,84,5,02/24/2021 12:00:00 AM,Not agree,Not agree
02/25/2021,FL,1860442,,,5889,1640,32230,,,85,5,02/25/2021 12:00:00 AM,Not agree,Not agree
02/26/2021,FL,1865840,,,5398,1530,32315,,,85,3,02/26/2021 12:00:00 AM,Not agree,Not agree
02/27/2021,FL,1870627,,,4787,1176,32397,,,82,3,02/27/2021 12:00:00 AM,Not agree,Not agree
02/28/2021,FL,1872423,,,1796,316,32480,,,83,9,02/28/2021 12:00:00 AM,Not agree,Not agree
03/01/2021,FL,1879355,,,6932,2068,32568,,,88,8,03/01/2021 12:00:00 AM,Not agree,Not agree
03/02/2021,FL,1883980,,,4625,1352,32640,,,72,6,03/02/2021 12:00:00 AM,Not agree,Not agree
03/03/2021,FL,1890019,,,6039,1705,32736,,,96,11,03/03/2021 12:00:00 AM,Not agree,Not agree
03/04/2021,FL,1895885,,,5866,1642,32800,,,64,5,03/04/2021 12:00:00 AM,Not agree,Not agree
03/05/2021,FL,1900446,,,4561,1324,32888,,,88,8,03/05/2021 12:00:00 AM,Not agree,Not agree
03/06/2021,FL,1904500,,,4054,933,32980,,,92,7,03/06/2021 12:00:00 AM,Not agree,Not agree
03/07/2021,FL,1907858,,,3358,840,33038,,,58,7,03/07/2021 12:00:00 AM,Not agree,Not agree
03/08/2021,FL,1912259,,,4401,1383,33098,,,60,6,03/08/2021 12:00:00 AM,Not agree,Not agree
03/09/2021,FL,1917052,,,4793,1530,33169,,,71,2,03/09/2021 12:00:00 AM,Not agree,Not agree
03/10/2021,FL,1922048,,,4996,1387,33236,,,67,0,03/10/2021 12:00:00 AM,Not agree,Not agree
03/11/2021,FL,1927082,,,5034,1566,33308,,,72,3,03/11/2021 12:00:00 AM,Not agree,Not agree
03/12/2021,FL,1932219,,,5137,1326,33378,,,70,2,03/12/2021 12:00:00 AM,Not agree,Not agree
03/13/2021,FL,1936019,,,3800,987,33438,,,60,7,03/13/2021 12:00:00 AM,Not agree,Not agree
03/14/2021,FL,1938888,,,2869,595,33497,,,59,6,03/14/2021 12:00:00 AM,Not agree,Not agree
03/15/2021,FL,1943500,,,4612,1384,33573,,,76,5,03/15/2021 12:00:00 AM,Not agree,Not agree
03/16/2021,FL,1948157,,,4657,1481,33631,,,58,3,03/16/2021 12:00:00 AM,Not agree,Not agree
03/17/2021,FL,1954009,,,5852,1487,33692,,,61,2,03/17/2021 12:00:00 AM,Not agree,Not agree
03/18/2021,FL,1959069,,,5060,1472,33747,,,55,5,03/18/2021 12:00:00 AM,Not agree,Not agree
03/19/2021,FL,1963952,,,4883,1271,33806,,,59,2,03/19/2021 12:00:00 AM,Not agree,Not agree
03/20/2021,FL,1967898,,,3946,1154,33857,,,51,3,03/20/2021 12:00:00 AM,Not agree,Not agree
03/21/2021,FL,1970845,,,2947,860,33906,,,49,1,03/21/2021 12:00:00 AM,Not agree,Not agree
03/22/2021,FL,1976109,,,5264,1501,33961,,,55,1,03/22/2021 12:00:00 AM,Not agree,Not agree
03/23/2021,FL,1981251,,,5142,1857,34004,,,43,3,03/23/2021 12:00:00 AM,Not agree,Not agree
03/24/2021,FL,1987038,,,5787,1721,34068,,,64,3,03/24/2021 12:00:00 AM,Not agree,Not agree
03/25/2021,FL,1992857,,,5819,1708,34115,,,47,4,03/25/2021 12:00:00 AM,Not agree,Not agree
03/26/2021,FL,1998507,,,5650,1698,34175,,,60,1,03/26/2021 12:00:00 AM,Not agree,Not agree
03/27/2021,FL,2003331,,,4824,1233,34221,,,46,4,03/27/2021 12:00:00 AM,Not agree,Not agree
03/28/2021,FL,2006897,,,3566,862,34270,,,49,5,03/28/2021 12:00:00 AM,Not agree,Not agree
03/29/2021,FL,2011988,,,5091,1429,34319,,,49,7,03/29/2021 12:00:00 AM,Not agree,Not agree
03/30/2021,FL,2016938,,,4950,1517,34360,,,41,1,03/30/2021 12:00:00 AM,Not agree,Not agree
03/31/2021,FL,2023906,,,6968,2005,34426,,,66,6,03/31/2021 12:00:00 AM,Not agree,Not agree
04/01/2021,FL,2030217,,,6311,1659,34493,,,67,4,04/01/2021 12:00:00 AM,Not agree,Not agree
04/02/2021,FL,2036037,,,5820,1646,34557,,,64,3,04/02/2021 12:00:00 AM,Not agree,Not agree
04/03/2021,FL,2040817,,,4780,1082,34606,,,49,4,04/03/2021 12:00:00 AM,Not agree,Not agree
04/04/2021,FL,2044334,,,3517,704,34636,,,30,1,04/04/2021 12:00:00 AM,Not agree,Not agree
04/05/2021,FL,2049769,,,5435,1677,34685,,,49,5,04/05/2021 12:00:00 AM,Not agree,Not agree
04/06/2021,FL,2055539,,,5770,1827,34724,,,39,4,04/06/2021 12:00:00 AM,Not agree,Not agree
04/07/2021,FL,2063253,,,7714,2298,34774,,,50,3,04/07/2021 12:00:00 AM,Not agree,Not agree
04/08/2021,FL,2070232,,,6979,1979,34831,,,57,3,04/08/2021 12:00:00 AM,Not agree,Not agree
04/09/2021,FL,2076974,,,6742,1837,34874,,,43,2,04/09/2021 12:00:00 AM,Not agree,Not agree
04/10/2021,FL,2082476,,,5502,1527,34922,,,48,3,04/10/2021 12:00:00 AM,Not agree,Not agree
04/11/2021,FL,2084112,,,1636,245,34974,,,52,5,04/11/2021 12:00:00 AM,Not agree,Not agree
04/12/2021,FL,2093135,,,9023,2656,35034,,,60,3,04/12/2021 12:00:00 AM,Not agree,Not agree
04/13/2021,FL,2099801,,,6666,2285,35078,,,44,3,04/13/2021 12:00:00 AM,Not agree,Not agree
04/14/2021,FL,2106502,,,6701,2038,35139,,,61,6,04/14/2021 12:00:00 AM,Not agree,Not agree
04/15/2021,FL,2113720,,,7218,1999,35200,,,61,7,04/15/2021 12:00:00 AM,Not agree,Not agree
04/16/2021,FL,2120000,,,6280,1551,35251,,,51,5,04/16/2021 12:00:00 AM,Not agree,Not agree
04/17/2021,FL,2125850,,,5850,1724,35293,,,42,4,04/17/2021 12:00:00 AM,Not agree,Not agree
04/18/2021,FL,2130121,,,4271,1093,35345,,,52,4,04/18/2021 12:00:00 AM,Not agree,Not agree
04/19/2021,FL,2135731,,,5610,1760,35397,,,52,5,04/19/2021 12:00:00 AM,Not agree,Not agree
04/20/2021,FL,2141268,,,5537,1676,35460,,,63,2,04/20/2021 12:00:00 AM,Not agree,Not agree
04/21/2021,FL,2147870,,,6602,2110,35525,,,65,2,04/21/2021 12:00:00 AM,Not agree,Not agree
04/22/2021,FL,2152723,,,4853,1082,35586,,,61,3,04/22/2021 12:00:00 AM,Not agree,Not agree
04/23/2021,FL,2159972,,,7249,2303,35644,,,58,5,04/23/2021 12:00:00 AM,Not agree,Not agree
04/24/2021,FL,2164636,,,4664,1277,35703,,,59,4,04/24/2021 12:00:00 AM,Not agree,Not agree
04/25/2021,FL,2168185,,,3549,771,35747,,,44,3,04/25/2021 12:00:00 AM,Not agree,Not agree
04/26/2021,FL,2173396,,,5211,1743,35793,,,46,2,04/26/2021 12:00:00 AM,Not agree,Not agree
04/27/2021,FL,2178492,,,5096,1598,35836,,,43,5,04/27/2021 12:00:00 AM,Not agree,Not agree
04/28/2021,FL,2184133,,,5641,1689,35892,,,56,3,04/28/2021 12:00:00 AM,Not agree,Not agree
04/29/2021,FL,2189393,,,5260,1477,35952,,,60,6,04/29/2021 12:00:00 AM,Not agree,Not agree
04/30/2021,FL,2194750,,,5357,1574,36006,,,54,2,04/30/2021 12:00:00 AM,Not agree,Not agree
05/01/2021,FL,2198618,,,3868,1111,36057,,,51,1,05/01/2021 12:00:00 AM,Not agree,Not agree
05/02/2021,FL,2201747,,,3129,742,36109,,,52,3,05/02/2021 12:00:00 AM,Not agree,Not agree
05/03/2021,FL,2205400,,,3653,1236,36166,,,57,3,05/03/2021 12:00:00 AM,Not agree,Not agree
05/04/2021,FL,2209773,,,4373,1370,36208,,,42,0,05/04/2021 12:00:00 AM,Not agree,Not agree
05/05/2021,FL,2214356,,,4583,1301,36266,,,58,3,05/05/2021 12:00:00 AM,Not agree,Not agree
05/06/2021,FL,2218605,,,4249,1146,36320,,,54,1,05/06/2021 12:00:00 AM,Not agree,Not agree
05/07/2021,FL,2222528,,,3923,1118,36383,,,63,4,05/07/2021 12:00:00 AM,Not agree,Not agree
05/08/2021,FL,2225699,,,3171,833,36437,,,54,5,05/08/2021 12:00:00 AM,Not agree,Not agree
05/09/2021,FL,2227965,,,2266,532,36479,,,42,2,05/09/2021 12:00:00 AM,Not agree,Not agree
05/10/2021,FL,2231202,,,3237,1051,36535,,,56,2,05/10/2021 12:00:00 AM,Not agree,Not agree
05/11/2021,FL,2234348,,,3146,1092,36586,,,51,2,05/11/2021 12:00:00 AM,Not agree,Not agree
05/12/2021,FL,2238352,,,4004,1235,36621,,,35,2,05/12/2021 12:00:00 AM,Not agree,Not agree
05/13/2021,FL,2241883,,,3531,1028,36672,,,51,1,05/13/2021 12:00:00 AM,Not agree,Not agree
05/14/2021,FL,2245139,,,3256,930,36726,,,54,5,05/14/2021 12:00:00 AM,Not agree,Not agree
05/15/2021,FL,2247549,,,2410,594,36771,,,45,5,05/15/2021 12:00:00 AM,Not agree,Not agree
05/16/2021,FL,2249510,,,1961,419,36812,,,41,5,05/16/2021 12:00:00 AM,Not agree,Not agree
05/17/2021,FL,2252259,,,2749,961,36865,,,53,4,05/17/2021 12:00:00 AM,Not agree,Not agree
05/18/2021,FL,2255086,,,2827,940,36917,,,52,2,05/18/2021 12:00:00 AM,Not agree,Not agree
05/19/2021,FL,2257948,,,2862,868,36965,,,48,3,05/19/2021 12:00:00 AM,Not agree,Not agree
05/20/2021,FL,2260260,,,2312,755,37006,,,41,7,05/20/2021 12:00:00 AM,Not agree,Not agree
05/21/2021,FL,2263557,,,3297,878,37062,,,56,3,05/21/2021 12:00:00 AM,Not agree,Not agree
05/22/2021,FL,2265578,,,2021,492,37094,,,32,1,05/22/2021 12:00:00 AM,Not agree,Not agree
05/23/2021,FL,2267152,,,1574,291,37129,,,35,2,05/23/2021 12:00:00 AM,Not agree,Not agree
05/24/2021,FL,2269023,,,1871,645,37166,,,37,3,05/24/2021 12:00:00 AM,Not agree,Not agree
05/25/2021,FL,2271331,,,2308,759,37202,,,36,1,05/25/2021 12:00:00 AM,Not agree,Not agree
05/26/2021,FL,2273607,,,2276,644,37239,,,37,3,05/26/2021 12:00:00 AM,Not agree,Not agree
05/27/2021,FL,2275917,,,2310,655,37280,,,41,1,05/27/2021 12:00:00 AM,Not agree,Not agree
05/28/2021,FL,2277896,,,1979,512,37322,,,42,3,05/28/2021 12:00:00 AM,Not agree,Not agree
05/29/2021,FL,2279342,,,1446,293,37361,,,39,4,05/29/2021 12:00:00 AM,Not agree,Not agree
05/30/2021,FL,2280634,,,1292,228,37395,,,34,2,05/30/2021 12:00:00 AM,Not agree,Not agree
05/31/2021,FL,2281872,,,1238,332,37435,,,40,2,05/31/2021 12:00:00 AM,Not agree,Not agree
06/01/2021,FL,2283113,,,1241,350,37480,,,45,0,06/01/2021 12:00:00 AM,Not agree,Not agree
06/02/2021,FL,2284953,,,1840,546,37510,,,30,2,06/02/2021 12:00:00 AM,Not agree,Not agree
06/03/2021,FL,2287332,,,2379,569,37555,,,45,1,06/03/2021 12:00:00 AM,Not agree,Not agree
06/04/2021,FL,2289471,,,2139,576,37609,,,54,5,06/04/2021 12:00:00 AM,Not agree,Not agree
06/05/2021,FL,2290956,,,1485,354,37641,,,32,5,06/05/2021 12:00:00 AM,Not agree,Not agree
06/06/2021,FL,2292180,,,1224,223,37667,,,26,3,06/06/2021 12:00:00 AM,Not agree,Not agree
06/07/2021,FL,2293597,,,1417,425,37696,,,29,3,06/07/2021 12:00:00 AM,Not agree,Not agree
06/08/2021,FL,2295284,,,1687,527,37738,,,42,1,06/08/2021 12:00:00 AM,Not agree,Not agree
06/09/2021,FL,2297153,,,1869,545,37772,,,34,1,06/09/2021 12:00:00 AM,Not agree,Not agree
06/10/2021,FL,2299147,,,1994,486,37803,,,31,3,06/10/2021 12:00:00 AM,Not agree,Not agree
06/11/2021,FL,2300731,,,1584,396,37823,,,20,2,06/11/2021 12:00:00 AM,Not agree,Not agree
06/12/2021,FL,2302077,,,1346,217,37851,,,28,3,06/12/2021 12:00:00 AM,Not agree,Not agree
06/13/2021,FL,2303096,,,1019,166,37882,,,31,3,06/13/2021 12:00:00 AM,Not agree,Not agree
06/14/2021,FL,2304435,,,1339,461,37908,,,26,1,06/14/2021 12:00:00 AM,Not agree,Not agree
06/15/2021,FL,2306182,,,1747,532,37932,,,24,1,06/15/2021 12:00:00 AM,Not agree,Not agree
06/16/2021,FL,2307722,,,1540,376,37958,,,26,1,06/16/2021 12:00:00 AM,Not agree,Not agree
06/17/2021,FL,2309576,,,1854,530,37984,,,26,6,06/17/2021 12:00:00 AM,Not agree,Not agree
06/18/2021,FL,2311031,,,1455,369,38012,,,28,3,06/18/2021 12:00:00 AM,Not agree,Not agree
06/19/2021,FL,2312723,,,1692,299,38046,,,34,3,06/19/2021 12:00:00 AM,Not agree,Not agree
06/20/2021,FL,2313769,,,1046,203,38070,,,24,1,06/20/2021 12:00:00 AM,Not agree,Not agree
06/21/2021,FL,2315541,,,1772,483,38091,,,21,3,06/21/2021 12:00:00 AM,Not agree,Not agree
06/22/2021,FL,2317535,,,1994,548,38116,,,25,2,06/22/2021 12:00:00 AM,Not agree,Not agree
06/23/2021,FL,2319448,,,1913,487,38139,,,23,5,06/23/2021 12:00:00 AM,Not agree,Not agree
06/24/2021,FL,2321342,,,1894,484,38165,,,26,3,06/24/2021 12:00:00 AM,Not agree,Not agree
06/25/2021,FL,2323459,,,2117,496,38192,,,27,1,06/25/2021 12:00:00 AM,Not agree,Not agree
06/26/2021,FL,2325253,,,1794,358,38216,,,24,1,06/26/2021 12:00:00 AM,Not agree,Not agree
06/27/2021,FL,2326767,,,1514,295,38239,,,23,1,06/27/2021 12:00:00 AM,Not agree,Not agree
06/28/2021,FL,2329066,,,2299,562,38267,,,28,4,06/28/2021 12:00:00 AM,Not agree,Not agree
06/29/2021,FL,2331507,,,2441,735,38299,,,32,4,06/29/2021 12:00:00 AM,Not agree,Not agree
06/30/2021,FL,2334376,,,2869,747,38337,,,38,1,06/30/2021 12:00:00 AM,Not agree,Not agree
07/01/2021,FL,2337245,,,2869,713,38361,,,24,3,07/01/2021 12:00:00 AM,Not agree,Not agree
07/02/2021,FL,2340381,,,3136,829,38401,,,40,3,07/02/2021 12:00:00 AM,Not agree,Not agree
07/03/2021,FL,2342841,,,2460,556,38423,,,22,1,07/03/2021 12:00:00 AM,Not agree,Not agree
07/04/2021,FL,2344617,,,1776,390,38457,,,34,2,07/04/2021 12:00:00 AM,Not agree,Not agree
07/05/2021,FL,2346324,,,1707,345,38490,,,33,3,07/05/2021 12:00:00 AM,Not agree,Not agree
07/06/2021,FL,2350246,,,3922,1060,38528,,,38,5,07/06/2021 12:00:00 AM,Not agree,Not agree
07/07/2021,FL,2355065,,,4819,1434,38555,,,27,1,07/07/2021 12:00:00 AM,Not agree,Not agree
07/08/2021,FL,2360342,,,5277,1248,38587,,,32,2,07/08/2021 12:00:00 AM,Not agree,Not agree
07/09/2021,FL,2365806,,,5464,1403,38634,,,47,6,07/09/2021 12:00:00 AM,Not agree,Not agree
07/10/2021,FL,2370860,,,5054,1068,38665,,,31,2,07/10/2021 12:00:00 AM,Not agree,Not agree
07/11/2021,FL,2375378,,,4518,818,38700,,,35,1,07/11/2021 12:00:00 AM,Not agree,Not agree
07/12/2021,FL,2381813,,,6435,1550,38739,,,39,4,07/12/2021 12:00:00 AM,Not agree,Not agree
07/13/2021,FL,2388811,,,6998,1967,38784,,,45,5,07/13/2021 12:00:00 AM,Not agree,Not agree
07/14/2021,FL,2397009,,,8198,1982,38826,,,42,7,07/14/2021 12:00:00 AM,Not agree,Not agree
07/15/2021,FL,2405506,,,8497,2141,38886,,,60,6,07/15/2021 12:00:00 AM,Not agree,Not agree
07/16/2021,FL,2414687,,,9181,2328,38946,,,60,5,07/16/2021 12:00:00 AM,Not agree,Not agree
07/17/2021,FL,2422611,,,7924,1599,38991,,,45,0,07/17/2021 12:00:00 AM,Not agree,Not agree
07/18/2021,FL,2429730,,,7119,1259,39046,,,55,9,07/18/2021 12:00:00 AM,Not agree,Not agree
07/19/2021,FL,2438963,,,9233,2476,39111,,,65,3,07/19/2021 12:00:00 AM,Not agree,Not agree
07/20/2021,FL,2450603,,,11640,3023,39192,,,81,7,07/20/2021 12:00:00 AM,Not agree,Not agree
07/21/2021,FL,2463929,,,13326,3193,39266,,,74,9,07/21/2021 12:00:00 AM,Not agree,Not agree
07/22/2021,FL,2478112,,,14183,3235,39323,,,57,0,07/22/2021 12:00:00 AM,Not agree,Not agree
07/23/2021,FL,2492866,,,14754,3416,39412,,,89,11,07/23/2021 12:00:00 AM,Not agree,Not agree
07/24/2021,FL,2505868,,,13002,2384,39499,,,87,6,07/24/2021 12:00:00 AM,Not agree,Not agree
07/25/2021,FL,2516072,,,10204,1620,39602,,,103,7,07/25/2021 12:00:00 AM,Not agree,Not agree
07/26/2021,FL,2532028,,,15956,3794,39716,,,114,5,07/26/2021 12:00:00 AM,Not agree,Not agree
07/27/2021,FL,2549447,,,17419,4651,39861,,,145,11,07/27/2021 12:00:00 AM,Not agree,Not agree
07/28/2021,FL,2566359,,,16912,3867,39987,,,126,12,07/28/2021 12:00:00 AM,Not agree,Not agree
07/29/2021,FL,2587979,,,21620,4243,40113,,,126,12,07/29/2021 12:00:00 AM,Not agree,Not agree
07/30/2021,FL,2607674,,,19695,4620,40261,,,148,17,07/30/2021 12:00:00 AM,Not agree,Not agree
07/31/2021,FL,2625349,,,17675,2884,40415,,,154,13,07/31/2021 12:00:00 AM,Not agree,Not agree
08/01/2021,FL,2638452,,,13103,2419,40582,,,167,12,08/01/2021 12:00:00 AM,Not agree,Not agree
08/02/2021,FL,2655452,,,17000,4149,40775,,,193,18,08/02/2021 12:00:00 AM,Not agree,Not agree
08/03/2021,FL,2675584,,,20132,5087,40984,,,209,21,08/03/2021 12:00:00 AM,Not agree,Not agree
08/04/2021,FL,2698272,,,22688,5198,41206,,,222,24,08/04/2021 12:00:00 AM,Not agree,Not agree
08/05/2021,FL,2722355,,,24083,5383,41448,,,242,27,08/05/2021 12:00:00 AM,Not agree,Not agree
08/06/2021,FL,2743761,,,21406,4866,41695,,,247,19,08/06/2021 12:00:00 AM,Not agree,Not agree
08/07/2021,FL,2763229,,,19468,3388,41951,,,256,20,08/07/2021 12:00:00 AM,Not agree,Not agree
08/08/2021,FL,2778466,,,15237,2738,42188,,,237,19,08/08/2021 12:00:00 AM,Not agree,Not agree
08/09/2021,FL,2798855,,,20389,5247,42472,,,284,23,08/09/2021 12:00:00 AM,Not agree,Not agree
08/10/2021,FL,2823483,,,24628,7060,42769,,,297,24,08/10/2021 12:00:00 AM,Not agree,Not agree
08/11/2021,FL,2847269,,,23786,5756,43063,,,294,26,08/11/2021 12:00:00 AM,Not agree,Not agree
08/12/2021,FL,2872999,,,25730,6136,43376,,,313,25,08/12/2021 12:00:00 AM,Not agree,Not agree
08/13/2021,FL,2895187,,,22188,6155,43681,,,305,27,08/13/2021 12:00:00 AM,Not agree,Not agree
08/14/2021,FL,2911531,,,16344,3380,44021,,,340,28,08/14/2021 12:00:00 AM,Not agree,Not agree
08/15/2021,FL,2928682,,,17151,3571,44339,,,318,15,08/15/2021 12:00:00 AM,Not agree,Not agree
08/16/2021,FL,2950336,,,21654,5751,44660,,,321,25,08/16/2021 12:00:00 AM,Not agree,Not agree
08/17/2021,FL,2973769,,,23433,7030,45016,,,356,33,08/17/2021 12:00:00 AM,Not agree,Not agree
08/18/2021,FL,2997852,,,24083,6000,45378,,,362,30,08/18/2021 12:00:00 AM,Not agree,Not agree
08/19/2021,FL,3021935,,,24083,6000,45760,,,382,41,08/19/2021 12:00:00 AM,Not agree,Not agree
08/20/2021,FL,3044097,,,22162,5013,46169,,,409,34,08/20/2021 12:00:00 AM,Not agree,Not agree
08/21/2021,FL,3062054,,,17957,3364,46544,,,375,27,08/21/2021 12:00:00 AM,Not agree,Not agree
08/22/2021,FL,3076675,,,14621,3560,46887,,,343,29,08/22/2021 12:00:00 AM,Not agree,Not agree
08/23/2021,FL,3097917,,,21242,6785,47284,,,397,37,08/23/2021 12:00:00 AM,Not agree,Not agree
08/24/2021,FL,3124158,,,26241,8221,47679,,,395,35,08/24/2021 12:00:00 AM,Not agree,Not agree
08/25/2021,FL,3145344,,,21186,6393,48051,,,372,32,08/25/2021 12:00:00 AM,Not agree,Not agree
08/26/2021,FL,3173008,,,27664,7144,48473,,,422,40,08/26/2021 12:00:00 AM,Not agree,Not agree
08/27/2021,FL,3194309,,,21301,5612,48899,,,426,36,08/27/2021 12:00:00 AM,Not agree,Not agree
08/28/2021,FL,3211979,,,17670,3913,49278,,,379,46,08/28/2021 12:00:00 AM,Not agree,Not agree
08/29/2021,FL,3225016,,,13037,3180,49665,,,387,35,08/29/2021 12:00:00 AM,Not agree,Not agree
08/30/2021,FL,3243658,,,18642,5290,50075,,,410,38,08/30/2021 12:00:00 AM,Not agree,Not agree
08/31/2021,FL,3262788,,,19130,5614,50477,,,402,30,08/31/2021 12:00:00 AM,Not agree,Not agree
09/01/2021,FL,3284294,,,21506,6863,50873,,,396,36,09/01/2021 12:00:00 AM,Not agree,Not agree
09/02/2021,FL,3302341,,,18047,4727,51253,,,380,37,09/02/2021 12:00:00 AM,Not agree,Not agree
09/03/2021,FL,3319419,,,17078,3220,51630,,,377,34,09/03/2021 12:00:00 AM,Not agree,Not agree
09/04/2021,FL,3336648,,,17229,5506,51982,,,352,28,09/04/2021 12:00:00 AM,Not agree,Not agree
09/05/2021,FL,3347756,,,11108,2860,52325,,,343,30,09/05/2021 12:00:00 AM,Not agree,Not agree
09/06/2021,FL,3357926,,,10170,2016,52702,,,377,36,09/06/2021 12:00:00 AM,Not agree,Not agree
09/07/2021,FL,3371744,,,13818,5222,53009,,,307,29,09/07/2021 12:00:00 AM,Not agree,Not agree
09/08/2021,FL,3384218,,,12474,3997,53351,,,342,16,09/08/2021 12:00:00 AM,Not agree,Not agree
09/09/2021,FL,3402084,,,17866,5816,53677,,,326,26,09/09/2021 12:00:00 AM,Not agree,Not agree
09/10/2021,FL,3411273,,,9189,2254,54014,,,337,35,09/10/2021 12:00:00 AM,Not agree,Not agree
09/11/2021,FL,3426658,,,15385,4426,54325,,,311,33,09/11/2021 12:00:00 AM,Not agree,Not agree
09/12/2021,FL,3433149,,,6491,1542,54594,,,269,35,09/12/2021 12:00:00 AM,Not agree,Not agree
09/13/2021,FL,3443832,,,10683,3469,54882,,,288,26,09/13/2021 12:00:00 AM,Not agree,Not agree
09/14/2021,FL,3454614,,,10782,2805,55131,,,249,25,09/14/2021 12:00:00 AM,Not agree,Not agree
09/15/2021,FL,3464000,,,9386,2229,55380,,,249,24,09/15/2021 12:00:00 AM,Not agree,Not agree
09/16/2021,FL,3475516,,,11516,3346,55663,,,283,25,09/16/2021 12:00:00 AM,Not agree,Not agree
09/17/2021,FL,3485450,,,9934,2804,55949,,,286,25,09/17/2021 12:00:00 AM,Not agree,Not agree
09/18/2021,FL,3494159,,,8709,2278,56196,,,247,25,09/18/2021 12:00:00 AM,Not agree,Not agree
09/19/2021,FL,3500508,,,6349,1711,56428,,,232,17,09/19/2021 12:00:00 AM,Not agree,Not agree
09/20/2021,FL,3507485,,,6977,2170,56651,,,223,15,09/20/2021 12:00:00 AM,Not agree,Not agree
09/21/2021,FL,3517606,,,10121,2522,56879,,,228,23,09/21/2021 12:00:00 AM,Not agree,Not agree
09/22/2021,FL,3523983,,,6377,1948,57114,,,235,24,09/22/2021 12:00:00 AM,Not agree,Not agree
09/23/2021,FL,3531805,,,7822,2406,57315,,,201,18,09/23/2021 12:00:00 AM,Not agree,Not agree
09/24/2021,FL,3538988,,,7183,1949,57538,,,223,22,09/24/2021 12:00:00 AM,Not agree,Not agree
09/25/2021,FL,3544049,,,5061,1146,57744,,,206,13,09/25/2021 12:00:00 AM,Not agree,Not agree
09/26/2021,FL,3547736,,,3687,729,57902,,,158,11,09/26/2021 12:00:00 AM,Not agree,Not agree
09/27/2021,FL,3552850,,,5114,1756,58095,,,193,16,09/27/2021 12:00:00 AM,Not agree,Not agree
09/28/2021,FL,3558690,,,5840,2077,58284,,,189,12,09/28/2021 12:00:00 AM,Not agree,Not agree
09/29/2021,FL,3563681,,,4991,1206,58463,,,179,16,09/29/2021 12:00:00 AM,Not agree,Not agree
09/30/2021,FL,3569614,,,5933,1770,58605,,,142,12,09/30/2021 12:00:00 AM,Not agree,Not agree
10/01/2021,FL,3574112,,,4498,1333,58752,,,147,11,10/01/2021 12:00:00 AM,Not agree,Not agree
10/02/2021,FL,3577308,,,3196,618,58880,,,128,8,10/02/2021 12:00:00 AM,Not agree,Not agree
10/03/2021,FL,3580022,,,2714,489,59019,,,139,10,10/03/2021 12:00:00 AM,Not agree,Not agree
10/04/2021,FL,3583683,,,3661,1303,59126,,,107,11,10/04/2021 12:00:00 AM,Not agree,Not agree
10/05/2021,FL,3587437,,,3754,1246,59255,,,129,7,10/05/2021 12:00:00 AM,Not agree,Not agree
10/06/2021,FL,3591375,,,3938,1268,59376,,,121,14,10/06/2021 12:00:00 AM,Not agree,Not agree
10/07/2021,FL,3595301,,,3926,882,59501,,,125,7,10/07/2021 12:00:00 AM,Not agree,Not agree
10/08/2021,FL,3598514,,,3213,1166,59615,,,114,10,10/08/2021 12:00:00 AM,Not agree,Not agree
10/09/2021,FL,3601384,,,2870,550,59724,,,109,11,10/09/2021 12:00:00 AM,Not agree,Not agree
10/10/2021,FL,3603250,,,1866,375,59836,,,112,3,10/10/2021 12:00:00 AM,Not agree,Not agree
10/11/2021,FL,3605920,,,2670,922,59943,,,107,10,10/11/2021 12:00:00 AM,Not agree,Not agree
10/12/2021,FL,3608501,,,2581,885,60048,,,105,9,10/12/2021 12:00:00 AM,Not agree,Not agree
10/13/2021,FL,3611942,,,3441,956,60130,,,82,4,10/13/2021 12:00:00 AM,Not agree,Not agree
10/14/2021,FL,3614815,,,2873,854,60198,,,68,4,10/14/2021 12:00:00 AM,Not agree,Not agree
10/15/2021,FL,3617449,,,2634,772,60284,,,86,5,10/15/2021 12:00:00 AM,Not agree,Not agree
10/16/2021,FL,3618956,,,1507,332,60363,,,79,7,10/16/2021 12:00:00 AM,Not agree,Not agree
10/17/2021,FL,3620789,,,1833,354,60431,,,68,5,10/17/2021 12:00:00 AM,Not agree,Not agree
10/18/2021,FL,3622944,,,2155,774,60503,,,72,3,10/18/2021 12:00:00 AM,Not agree,Not agree
10/19/2021,FL,3625605,,,2661,973,60578,,,75,10,10/19/2021 12:00:00 AM,Not agree,Not agree
10/20/2021,FL,3628041,,,2436,871,60649,,,71,6,10/20/2021 12:00:00 AM,Not agree,Not agree
10/21/2021,FL,3630109,,,2068,573,60715,,,66,1,10/21/2021 12:00:00 AM,Not agree,Not agree
10/22/2021,FL,3632628,,,2519,708,60782,,,67,4,10/22/2021 12:00:00 AM,Not agree,Not agree
10/23/2021,FL,3634274,,,1646,287,60852,,,70,4,10/23/2021 12:00:00 AM,Not agree,Not agree
10/24/2021,FL,3635219,,,945,153,60914,,,62,5,10/24/2021 12:00:00 AM,Not agree,Not agree
10/25/2021,FL,3637257,,,2038,672,60960,,,46,1,10/25/2021 12:00:00 AM,Not agree,Not agree
10/26/2021,FL,3639156,,,1899,648,61007,,,47,5,10/26/2021 12:00:00 AM,Not agree,Not agree
10/27/2021,FL,3641508,,,2352,788,61056,,,49,1,10/27/2021 12:00:00 AM,Not agree,Not agree
10/28/2021,FL,3643581,,,2073,706,61101,,,45,2,10/28/2021 12:00:00 AM,Not agree,Not agree
10/29/2021,FL,3645335,,,1754,538,61135,,,34,2,10/29/2021 12:00:00 AM,Not agree,Not agree
10/30/2021,FL,3646272,,,937,252,61180,,,45,3,10/30/2021 12:00:00 AM,Not agree,Not agree
10/31/2021,FL,3647212,,,940,151,61224,,,44,5,10/31/2021 12:00:00 AM,Not agree,Not agree
11/01/2021,FL,3649262,,,2050,663,61275,,,51,1,11/01/2021 12:00:00 AM,Not agree,Not agree
11/02/2021,FL,3651119,,,1857,648,61311,,,36,5,11/02/2021 12:00:00 AM,Not agree,Not agree
11/03/2021,FL,3652979,,,1860,580,61343,,,32,3,11/03/2021 12:00:00 AM,Not agree,Not agree
11/04/2021,FL,3654704,,,1725,561,61387,,,44,1,11/04/2021 12:00:00 AM,Not agree,Not agree
11/05/2021,FL,3656379,,,1675,509,61432,,,45,1,11/05/2021 12:00:00 AM,Not agree,Not agree
11/06/2021,FL,3657759,,,1380,240,61457,,,25,2,11/06/2021 12:00:00 AM,Not agree,Not agree
11/07/2021,FL,3658030,,,271,76,61488,,,31,2,11/07/2021 12:00:00 AM,Not agree,Not agree
11/08/2021,FL,3659840,,,1810,483,61515,,,27,3,11/08/2021 12:00:00 AM,Not agree,Not agree
11/09/2021,FL,3661355,,,1515,560,61560,,,45,2,11/09/2021 12:00:00 AM,Not agree,Not agree
11/10/2021,FL,3663882,,,2527,625,61597,,,37,2,11/10/2021 12:00:00 AM,Not agree,Not agree
11/11/2021,FL,3665390,,,1508,510,61634,,,37,4,11/11/2021 12:00:00 AM,Not agree,Not agree
11/12/2021,FL,3666995,,,1605,609,61668,,,34,2,11/12/2021 12:00:00 AM,Not agree,Not agree
11/13/2021,FL,3668139,,,1144,272,61694,,,26,2,11/13/2021 12:00:00 AM,Not agree,Not agree
11/14/2021,FL,3669173,,,1034,218,61723,,,29,1,11/14/2021 12:00:00 AM,Not agree,Not agree
11/15/2021,FL,3670860,,,1687,575,61748,,,25,2,11/15/2021 12:00:00 AM,Not agree,Not agree
11/16/2021,FL,3672577,,,1717,633,61770,,,22,0,11/16/2021 12:00:00 AM,Not agree,Not agree
11/17/2021,FL,3674575,,,1998,577,61801,,,31,3,11/17/2021 12:00:00 AM,Not agree,Not agree
11/18/2021,FL,3676277,,,1702,538,61824,,,23,6,11/18/2021 12:00:00 AM,Not agree,Not agree
11/19/2021,FL,3677916,,,1639,478,61854,,,30,1,11/19/2021 12:00:00 AM,Not agree,Not agree
11/20/2021,FL,3679091,,,1175,245,61876,,,22,3,11/20/2021 12:00:00 AM,Not agree,Not agree
11/21/2021,FL,3679991,,,900,179,61895,,,19,3,11/21/2021 12:00:00 AM,Not agree,Not agree
11/22/2021,FL,3681602,,,1611,487,61918,,,23,1,11/22/2021 12:00:00 AM,Not agree,Not agree
11/23/2021,FL,3683176,,,1574,510,61939,,,21,1,11/23/2021 12:00:00 AM,Not agree,Not agree
11/24/2021,FL,3684863,,,1687,433,61958,,,19,3,11/24/2021 12:00:00 AM,Not agree,Not agree
11/25/2021,FL,3685918,,,1055,242,61979,,,21,0,11/25/2021 12:00:00 AM,Not agree,Not agree
11/26/2021,FL,3686602,,,684,149,62002,,,23,1,11/26/2021 12:00:00 AM,Not agree,Not agree
11/27/2021,FL,3687658,,,1056,211,62028,,,26,2,11/27/2021 12:00:00 AM,Not agree,Not agree
11/28/2021,FL,3688771,,,1113,239,62048,,,20,1,11/28/2021 12:00:00 AM,Not agree,Not agree
11/29/2021,FL,3690444,,,1673,522,62075,,,27,2,11/29/2021 12:00:00 AM,Not agree,Not agree
11/30/2021,FL,3692528,,,2084,603,62103,,,28,1,11/30/2021 12:00:00 AM,Not agree,Not agree
12/01/2021,FL,3694800,,,2272,595,62129,,,26,4,12/01/2021 12:00:00 AM,Not agree,Not agree
12/02/2021,FL,3696793,,,1993,537,62145,,,16,2,12/02/2021 12:00:00 AM,Not agree,Not agree
12/03/2021,FL,3698803,,,2010,581,62171,,,26,4,12/03/2021 12:00:00 AM,Not agree,Not agree
12/04/2021,FL,3700392,,,1589,285,62190,,,19,4,12/04/2021 12:00:00 AM,Not agree,Not agree
12/05/2021,FL,3701668,,,1276,267,62213,,,23,2,12/05/2021 12:00:00 AM,Not agree,Not agree
12/06/2021,FL,3703358,,,1690,517,62238,,,25,0,12/06/2021 12:00:00 AM,Not agree,Not agree
12/07/2021,FL,3705237,,,1879,496,62265,,,27,1,12/07/2021 12:00:00 AM,Not agree,Not agree
12/08/2021,FL,3707835,,,2598,704,62275,,,10,1,12/08/2021 12:00:00 AM,Not agree,Not agree
12/09/2021,FL,3710245,,,2410,526,62292,,,17,1,12/09/2021 12:00:00 AM,Not agree,Not agree
12/10/2021,FL,3712808,,,2563,635,62313,,,21,1,12/10/2021 12:00:00 AM,Not agree,Not agree
12/11/2021,FL,3715062,,,2254,356,62337,,,24,3,12/11/2021 12:00:00 AM,Not agree,Not agree
12/12/2021,FL,3717009,,,1947,295,62355,,,18,2,12/12/2021 12:00:00 AM,Not agree,Not agree
12/13/2021,FL,3720038,,,3029,715,62367,,,12,1,12/13/2021 12:00:00 AM,Not agree,Not agree
12/14/2021,FL,3724142,,,4104,853,62384,,,17,2,12/14/2021 12:00:00 AM,Not agree,Not agree
12/15/2021,FL,3730974,,,6832,939,62403,,,19,1,12/15/2021 12:00:00 AM,Not agree,Not agree
12/16/2021,FL,3739759,,,8785,1553,62417,,,14,0,12/16/2021 12:00:00 AM,Not agree,Not agree
12/17/2021,FL,3749902,,,10143,1646,62433,,,16,1,12/17/2021 12:00:00 AM,Not agree,Not agree
12/18/2021,FL,3760844,,,10942,1406,62449,,,16,1,12/18/2021 12:00:00 AM,Not agree,Not agree
12/19/2021,FL,3771786,,,10942,1406,62465,,,16,1,12/19/2021 12:00:00 AM,Not agree,Not agree
12/20/2021,FL,3786761,,,14975,2889,62475,,,10,0,12/20/2021 12:00:00 AM,Not agree,Not agree
12/21/2021,FL,3807771,,,21010,4397,62484,,,9,1,12/21/2021 12:00:00 AM,Not agree,Not agree
12/22/2021,FL,3835747,,,27976,5109,62494,,,10,0,12/22/2021 12:00:00 AM,Not agree,Not agree
12/23/2021,FL,3867935,,,32188,5069,62499,,,5,1,12/23/2021 12:00:00 AM,Not agree,Not agree
12/24/2021,FL,3895870,,,27935,4279,62507,,,8,0,12/24/2021 12:00:00 AM,Not agree,Not agree
12/25/2021,FL,3916844,,,20974,2695,62513,,,6,1,12/25/2021 12:00:00 AM,Not agree,Not agree
12/26/2021,FL,3945916,,,29072,4410,62520,,,7,1,12/26/2021 12:00:00 AM,Not agree,Not agree
12/27/2021,FL,3979419,,,33503,9751,62527,,,7,2,12/27/2021 12:00:00 AM,Not agree,Not agree
12/28/2021,FL,4032311,,,52892,15042,62531,,,4,0,12/28/2021 12:00:00 AM,Not agree,Not agree
12/29/2021,FL,4090278,,,57967,16302,62536,,,5,0,12/29/2021 12:00:00 AM,Not agree,Not agree
12/30/2021,FL,4166180,,,75902,18865,62537,,,1,0,12/30/2021 12:00:00 AM,Not agree,Not agree
12/31/2021,FL,4222899,,,56719,13194,62539,,,2,0,12/31/2021 12:00:00 AM,Not agree,Not agree
01/01/2022,FL,4266483,,,45667,5946,62955,,,56,4,01/01/2022 12:00:00 AM,Not agree,Not agree
01/02/2022,FL,4306092,,,39609,5274,63001,,,46,5,01/02/2022 12:00:00 AM,Not agree,Not agree
01/03/2022,FL,4357571,,,51479,13775,63053,,,52,8,01/03/2022 12:00:00 AM,Not agree,Not agree
01/04/2022,FL,4416851,,,59280,16956,63133,,,80,7,01/04/2022 12:00:00 AM,Not agree,Not agree
01/05/2022,FL,4483969,,,67118,16018,63209,,,76,11,01/05/2022 12:00:00 AM,Not agree,Not agree
01/06/2022,FL,4560723,,,76754,18301,63299,,,90,12,01/06/2022 12:00:00 AM,Not agree,Not agree
01/07/2022,FL,4630540,,,69817,14307,63389,,,90,7,01/07/2022 12:00:00 AM,Not agree,Not agree
01/08/2022,FL,4707592,,,77052,10148,63485,,,96,10,01/08/2022 12:00:00 AM,Not agree,Not agree
01/09/2022,FL,4757012,,,49420,9732,63600,,,115,10,01/09/2022 12:00:00 AM,Not agree,Not agree
01/10/2022,FL,4804676,,,47664,11071,63707,,,107,7,01/10/2022 12:00:00 AM,Not agree,Not agree
01/11/2022,FL,4876311,,,71635,19542,63821,,,114,12,01/11/2022 12:00:00 AM,Not agree,Not agree
01/12/2022,FL,4931769,,,55458,14094,63940,,,119,15,01/12/2022 12:00:00 AM,Not agree,Not agree
01/13/2022,FL,4990694,,,58925,12629,64076,,,136,10,01/13/2022 12:00:00 AM,Not agree,Not agree
01/14/2022,FL,5039922,,,49228,8641,64215,,,139,16,01/14/2022 12:00:00 AM,Not agree,Not agree
01/15/2022,FL,5087110,,,47188,10055,64343,,,128,13,01/15/2022 12:00:00 AM,Not agree,Not agree
01/16/2022,FL,5118845,,,31735,7003,64472,,,129,13,01/16/2022 12:00:00 AM,Not agree,Not agree
01/17/2022,FL,5151771,,,32926,9534,64603,,,131,15,01/17/2022 12:00:00 AM,Not agree,Not agree
01/18/2022,FL,5194839,,,43068,11142,64728,,,125,12,01/18/2022 12:00:00 AM,Not agree,Not agree
01/19/2022,FL,5240844,,,46005,13503,64826,,,98,7,01/19/2022 12:00:00 AM,Not agree,Not agree
01/20/2022,FL,5279417,,,38573,8968,64916,,,90,6,01/20/2022 12:00:00 AM,Not agree,Not agree
01/21/2022,FL,5302230,,,22813,5435,64997,,,81,10,01/21/2022 12:00:00 AM,Not agree,Not agree
01/22/2022,FL,5310581,,,8351,1299,65062,,,65,6,01/22/2022 12:00:00 AM,Not agree,Not agree
01/23/2022,FL,5346493,,,35912,9339,65110,,,48,6,01/23/2022 12:00:00 AM,Not agree,Not agree
01/24/2022,FL,5381684,,,35191,10974,65167,,,57,4,01/24/2022 12:00:00 AM,Not agree,Not agree
01/25/2022,FL,5419245,,,37561,10745,65207,,,40,3,01/25/2022 12:00:00 AM,Not agree,Not agree
01/26/2022,FL,5447321,,,28076,6094,65234,,,27,1,01/26/2022 12:00:00 AM,Not agree,Not agree
01/27/2022,FL,5477932,,,30611,9185,65258,,,24,3,01/27/2022 12:00:00 AM,Not agree,Not agree
01/28/2022,FL,5500643,,,22711,5520,65265,,,7,1,01/28/2022 12:00:00 AM,Not agree,Not agree
01/29/2022,FL,5520409,,,19766,5178,65265,,,0,0,01/29/2022 12:00:00 AM,Not agree,Not agree
01/30/2022,FL,5535803,,,15394,5470,65265,,,0,0,01/30/2022 12:00:00 AM,Not agree,Not agree
01/31/2022,FL,5555874,,,20071,8592,65271,,,6,1,02/01/2022 02:22:23 PM,Not agree,Not agree
